version, scene , optimization, time_ms, user_ms , sys_ms , instructions        , cycles             , ipc , branch_misses  , context_switches, peak_heap_kb, L1_icache_misses, L1_dcache_misses, LLC_cache_misses
v3     , simple, O0          , 2001   , 23484  , 57     , 93222947129         , 107032628784       , 0.87, 120294397      , 8046            , 21692       , 1001955         , 51180537        , 18109659
v3     , simple, O2          , 401    , 2490   , 11     , 20085985635         , 11480819186        , 1.75, 17084575       , 266             , 21692       , 53020           , 5820330         , 1510097
v3     , simple, O3          , 201    , 1846   , 11     , 16841705660         , 8515194428         , 1.98, 16603232       , 238             , 21692       , 43835           , 5172482         , 1416489
v3     , medium, O0          , 4003   , 46347  , 84     , 192693351657        , 210394632749       , 0.92, 248480457      , 17438           , 21690       , 1232407         , 151459990       , 24213515
v3     , medium, O2          , 601    , 5500   , 23     , 42384789326         , 25246701559        , 1.68, 46821377       , 1041            , 21690       , 101147          , 19418787        , 2327800
v3     , medium, O3          , 401    , 4266   , 18     , 36337541876         , 19531064925        , 1.86, 45328778       , 651             , 21690       , 79299           , 12033940        , 1878947
v3     , heavy , O0          , 135062 , 1623559, 1129   , 11142596390258      , 7016264480307      , 1.59, 1973313401     , 106854          , N/A         , 29602373        , 2502567783      , 175015605
v3     , heavy , O2          , 22413  , 259858 , 1348   , 2654309943608       , 1158693190040      , 2.29, 794452688      , 59950           , 21692       , 3153508         , 714887340       , 36023733
v3     , heavy , O3          , 22016  , 255877 , 643    , 2623791931562       , 1132667695174      , 2.32, 778269624      , 25620           , 21692       , 2852796         , 661640792       , 40147450
